абрикосовое варенье,г
абрикосовое пюре,г
абрикосовый джем,г
абрикосовый сок,стакан
абрикосы,г
абрикосы консервированные,г
авокадо,по вкусу
агава сироп,г
агар-агар,г
аграм,г
аджика,г
аджика зеленая,г
айва,по вкусу
айвовое пюре,г
айран,г
айсинг,г
акула стейки,г
алкоголь,стакан
алкоголь крепкий,ст. л.
алыча,г
альбухара,шт.
альмехи,г
амарантовая мука,г
ананасовый сироп,г
ананасовый сок,г
ананасы,г
ананасы вяленые,г
ананасы консервированные,по вкусу
анис,по вкусу
анис звездочки,г
анисовый ликер,мл
анис семена,г
анчоусы,г
апельсиновая вода,г
апельсиновая цедра,г
апельсиновая эссенция,ч. л.
апельсиновое варенье,г
апельсиновые цукаты,г
апельсиновый джем,г
апельсиновый джем с имбирем,г
апельсиновый ликер,г
апельсиновый сироп,стакан
апельсиновый сок,по вкусу
апельсиновый сок свежевыжатый,г
апельсиновый уксус,ст. л.
апельсиновый экстракт,ч. л.
апельсины,г
апельсины красные,шт.
апельсины крупные,шт.