username,email,firs_name,last_name
4meChat,jsbach@verizon.net,Полина,Любимова
Chasead,dsugal@yahoo.ca,Виктория,Беляева
Conntena,lbecchi@icloud.com,Милана,Родионова
DressyThebest,hauma@att.net,Глеб,Анисимов
Eureenpo,fmerges@me.com,Алёна,Макарова
Felopeck,crusader@icloud.com,Павел,Смирнов
ForShin,pjacklam@optonline.net,Виктория,Попова
FunkJewel,horrocks@att.net,Алиса,Артамонова
Grindermaga,oevans@yahoo.ca,Валерия,Исаева
Hyolenes,bastian@msn.com,Вячеслав,Смирнов
IteMessage,dkeeler@mac.com,Мирон,Богомолов
Jiders,aprakash@comcast.net,Кирилл,Дроздов
Junkinte,gommix@verizon.net,Иван,Бессонов
KiddoGurly,rupak@live.com,Игорь,Захаров
LogicPerson,druschel@hotmail.com,Тихон,Чернышев
Loldney,mastinfo@optonline.net,Айлин,Трофимова
Lovenna,yangyan@mac.com,Мария,Туманова
LummoCozy,ahmad@me.com,Вероника,Блинова
Poster,bester@mac.com,Арсений,Абрамов
Precisma,sakusha@comcast.net,Андрей,Овчинников